appid,name,current_players
730,Counter-Strike 2,1258266
578080,PUBG: BATTLEGROUNDS,324412
271590,Grand Theft Auto V Legacy,112061
3240220,Grand Theft Auto V Enhanced,94125
230410,Warframe,92829
431960,Wallpaper Engine,88445
1172470,Apex Legends,81124
322170,Geometry Dash,74085
413150,Stardew Valley,65126
227300,Euro Truck Simulator 2,48648
1623730,Palworld,47906
359550,Tom Clancy's Rainbow Six® Siege X,43882
394360,Hearts of Iron IV,42672
1091500,Cyberpunk 2077,41661
1174180,Red Dead Redemption 2,39625
1938090,Call of Duty®,38634
440,Team Fortress 2,37490
1903340,Clair Obscur: Expedition 33,36024
1245620,ELDEN RING,34149
105600,Terraria,32619
2357570,Overwatch® 2,28914
553850,HELLDIVERS™ 2,28439
489830,The Elder Scrolls V: Skyrim Special Edition,26523
550,Left 4 Dead 2,25393
4000,Garry's Mod,24707
526870,Satisfactory,23265
250900,The Binding of Isaac: Rebirth,23196
1030300,Hollow Knight: Silksong,22661
1085660,Destiny 2,22595
292030,The Witcher 3: Wild Hunt,22247
990080,Hogwarts Legacy,21313
377160,Fallout 4,21146
582660,Black Desert,20277
240,Counter-Strike: Source,18453
367520,Hollow Knight,16445
1222140,Detroit: Become Human,16123
582010,Monster Hunter: World,14220
2050650,Resident Evil 4,12021
10,Counter-Strike,11782
2183900,"Warhammer 40,000: Space Marine 2",11323
632360,Risk of Rain 2,11211
548430,Deep Rock Galactic,10226
365670,Blender,9878
960090,Bloons TD 6,8951
1145360,Hades,8118
107410,Arma 3,7817
22380,Fallout: New Vegas,7518
379430,Kingdom Come: Deliverance,7311
1144200,Ready or Not,6663
703080,Planet Zoo,5967
239140,Dying Light,5795
552500,Warhammer: Vermintide 2,5727
2221490,Tom Clancy's The Division 2,4751
1659040,HITMAN World of Assassination,4743
2231380,Ghost Recon Breakpoint,4305
1794680,Vampire Survivors,4290
976730,Halo: The Master Chief Collection,4281
714010,Aimlabs,4253
1222680,Need for Speed™ Heat ,4227
391220,Rise of the Tomb Raider,4021
12210,Grand Theft Auto IV: The Complete Edition,3732
1029690,Sniper Elite 5,3712
203160,Tomb Raider,3521
232090,Killing Floor 2,3439
620,Portal 2,3425
1237950,STAR WARS™ Battlefront™ II,3290
1229490,ULTRAKILL,3285
220,Half-Life 2,3203
588650,Dead Cells,3202
1328670,Mass Effect™ Legendary Edition,3075
883710,Resident Evil 2,3061
1238840,Battlefield™ 1,3061
502500,ACE COMBAT™7: SKIES UNKNOWN,2976
356190,Middle-earth™: Shadow of War™,2860
3595230,Call of Duty®: Modern Warfare® II,2685
460930,Tom Clancy's Ghost Recon® Wildlands,2663
208650,Batman™: Arkham Knight,2573
632470,Disco Elysium,2485
397540,Borderlands 3,2408
289650,Assassin's Creed Unity,2396
750920,Shadow of the Tomb Raider,2367
2909400,FINAL FANTASY VII REBIRTH,2296
3590,Plants vs. Zombies: Game of the Year,2224
242050,Assassin's Creed IV Black Flag,2195
298110,Far Cry 4,2153
504230,Celeste,2151
976310,Mortal Kombat 11,2116
49520,Borderlands 2,2111
1462040,FINAL FANTASY VII REMAKE INTERGRADE,2037
1238810,Battlefield™ V,2027
32470,STAR WARS™ Empire at War: Gold Pack,1963
1172380,STAR WARS Jedi: Fallen Order™ ,1953
391540,Undertale,1879
220240,Far Cry® 3,1870
204360,Castle Crashers,1862
412020,Metro Exodus,1835
495420,State of Decay 2,1823
920210,LEGO® Star Wars™: The Skywalker Saga,1805
286690,Metro 2033 Redux,1801
3910,Sid Meier's Civilization III: Complete,1697
1449560,Metro Exodus Enhanced Edition,1675
1237970,Titanfall® 2,1663
418370,Resident Evil 7 Biohazard,1630
70,Half-Life,1624
2229850,Command & Conquer: Red Alert™ 2 and Yuri’s Revenge™,1568
1030830,Mafia II: Definitive Edition,1560
774361,Blasphemous,1545
447040,Watch_Dogs 2,1484
782330,DOOM Eternal,1479
1517290,Battlefield™ 2042,1471
870780,Control Ultimate Edition,1453
2732960,Command & Conquer™ Generals Zero Hour,1430
2524890,Pixel Gun 3D: PC Edition,1428
2668510,Red Dead Redemption,1425
2552430,KINGDOM HEARTS -HD 1.5+2.5 ReMIX-,1419
371660,Far Cry Primal,1418
362890,Black Mesa,1407
209000,Batman™: Arkham Origins,1396
234140,Mad Max,1382
287700,METAL GEAR SOLID V: THE PHANTOM PAIN,1356
1030840,Mafia: Definitive Edition,1341
1693980,Dead Space,1339
1240440,Halo Infinite,1323
346900,AdVenture Capitalist,1276
312660,Sniper Elite 4,1248
360430,Mafia III: Definitive Edition,1184
225540,Just Cause 3,1175
400,Portal,1168
200260,Batman: Arkham City GOTY,1138
365590,Tom Clancy's The Division,1118
1547000,Grand Theft Auto: San Andreas - The Definitive Edition,1111
246620,Plague Inc: Evolved,1099
33230,Assassin's Creed II,1097
787480,Phoenix Wright: Ace Attorney Trilogy,1091
287390,Metro: Last Light Redux,1072
212680,FTL: Faster Than Light,1053
223470,POSTAL 2,1040
383120,Empyrion - Galactic Survival,1040
307690,Sleeping Dogs: Definitive Edition,1032
524220,NieR:Automata™,1027
444090,Paladins,1007
1113000,Persona 4 Golden,1006
489630,"Warhammer 40,000: Gladius - Relics of War",992
1017900,Age of Empires: Definitive Edition,991
379720,DOOM,970
39510,Gothic II: Gold Classic,954
274170,Hotline Miami 2: Wrong Number,948
952060,Resident Evil 3,945
1836120,QUICKERFLAK,907
2000950,Call of Duty®: Modern Warfare®,886
35140,Batman: Arkham Asylum GOTY Edition,882
1057090,Ori and the Will of the Wisps,866
20900,The Witcher: Enhanced Edition,857
638970,Yakuza 0,840
282800,100% Orange Juice,809
500,Left 4 Dead,808
960990,Beyond: Two Souls,803
359870,FINAL FANTASY X/X-2 HD Remaster,788
203140,Hitman: Absolution,778
1238860,Battlefield 4™ ,752
774171,Muse Dash,713
249130,LEGO® MARVEL Super Heroes,706
219150,Hotline Miami,703
2478970,Tomb Raider I-III Remastered Starring Lara Croft,701
20920,The Witcher 2: Assassins of Kings Enhanced Edition,699
606280,Darksiders III,669
911400,Assassin's Creed III Remastered,667
3330,Zuma Deluxe,658
213670,South Park™: The Stick of Truth™,653
488790,South Park The Fractured But Whole,649
1222690,Dragon Age™ Inquisition,649
314160,Microsoft Flight Simulator X: Steam Edition,633
403640,Dishonored 2,610
48190,Assassin's Creed Brotherhood,601
1583230,High On Life,588
243470,Watch_Dogs,575
205100,Dishonored,572
201810,Wolfenstein: The New Order,561
80,Counter-Strike: Condition Zero,559
42700,Call of Duty: Black Ops,555
612880,Wolfenstein II: The New Colossus,554
960910,Heavy Rain,551
2231450,Pizza Tower,545
47810,Dragon Age: Origins - Ultimate Edition,544
22370,Fallout 3 - Game of the Year Edition,537
383150,Dead Island Definitive Edition,532
12200,Bully: Scholarship Edition,512
10180,Call of Duty: Modern Warfare 2 (2009),509
1338770,Sniper Ghost Warrior Contracts 2,507
22330,The Elder Scrolls IV: Oblivion Game of the Year Edition (2009),501
631510,Devil May Cry HD Collection,493
409710,BioShock Remastered,488
304240,Resident Evil,472
39140,FINAL FANTASY VII,471
9450,"Warhammer 40,000: Dawn of War - Soulstorm",469
462780,Darksiders Warmastered Edition,467
387290,Ori and the Blind Forest: Definitive Edition,464
24810,Command & Conquer 3: Kane's Wrath™,462
208580,STAR WARS™ Knights of the Old Republic™ II: The Sith Lords™,460
578650,The Outer Worlds,460
671860,BattleBit Remastered,454
24790,Command & Conquer 3: Tiberium Wars™,453
78000,Bejeweled 3,451
1546990,Grand Theft Auto: Vice City - The Definitive Edition,450
7940,Call of Duty 4: Modern Warfare (2007),445
218230,PlanetSide 2,440
1238000,Mass Effect™: Andromeda Deluxe Edition,437
17480,Command & Conquer™ Red Alert™ 3,433
204100,Max Payne 3,420
108710,Alan Wake,412
1681430,RoboCop: Rogue City,410
32370,STAR WARS™ Knights of the Old Republic™,409
10090,Call of Duty: World at War,397
19680,Alice: Madness Returns,397
418460,Rising Storm 2: Vietnam,396
2950340,LEGO® Harry Potter™ Collection,396
42680,Call of Duty®: Modern Warfare® 3 (2011),390
21000,LEGO® Batman™: The Videogame,388
388410,Darksiders II Deathinitive Edition,388
8870,BioShock Infinite,384
285920,TerraTech,383
731490,Crash Bandicoot™ N. Sane Trilogy,379
2187220,Apollo Justice: Ace Attorney Trilogy,373
729040,Borderlands GOTY Enhanced,371
578330,LEGO® City Undercover,366
550650,Black Squad,363
480490,Prey,362
292120,FINAL FANTASY XIII,361
1280770,Redmatch 2,351
24800,Command & Conquer™ Red Alert™ 3 - Uprising,336
606150,Moonlighter,336
282140,SOMA,332
860510,Little Nightmares II,328
207610,The Walking Dead,327
627270,Injustice™ 2,322
10190,Call of Duty: Modern Warfare 2 (2009) - Multiplayer,320
214510,LEGO® The Lord of the Rings™,319
15100,Assassin's Creed,314
996580,Spyro™ Reignited Trilogy,311
65540,Gothic 1 Classic,300
238090,Sniper Elite 3,298
201870,Assassin's Creed Revelations,297
38400,Fallout,296
368070,Sniper Ghost Warrior 3,295
3717340,Yakuza Kiwami 2,295
2280,DOOM + DOOM II,292
39500,Gothic 3,290
357070,UBERMOSH,289
282440,Quake Live,278
352400,LEGO® Jurassic World,274
2828500,The Jackbox Megapicker,273
412830,STEINS;GATE,270
611500,Quake Champions,269
1715130,Crysis Remastered,269
43160,Metro: Last Light Complete Edition,268
313690,LEGO® Batman™ 3: Beyond Gotham,268
110800,L.A. Noire,265
2229870,Command & Conquer™: Generals,264
304430,INSIDE,262
339340,Resident Evil 0,260
503560,911 Operator,257
1546970,Grand Theft Auto III - The Definitive Edition,256
2630,Call of Duty 2,255
647830,LEGO® MARVEL Super Heroes 2,255
261640,Borderlands: The Pre-Sequel,252
973580,Sniper Ghost Warrior Contracts,249
242550,Rayman Legends,245
38410,Fallout 2,242
569610,Distant Space,237
829110,LEGO® DC Super-Villains,232
4580,"Warhammer 40,000: Dawn of War - Dark Crusade",228
383870,Firewatch,226
202970,Call of Duty: Black Ops II,223
1510580,Toy Tinker Simulator,223
834530,Yakuza Kiwami (Legacy),220
350080,Wolfenstein: The Old Blood ,219
405310,LEGO® MARVEL's Avengers,218
3480,Peggle Deluxe,216
1089980,The Henry Stickmin Collection,216
2096600,Crysis 2 Remastered,216
47780,Dead Space 2,212
337000,Deus Ex: Mankind Divided™,212
55230,Saints Row: The Third,211
213330,LEGO® Batman™ 2: DC Super Heroes,210
546090,Trip to Vinelands,210
253980,Enclave,208
10150,Prototype,207
285310,RollerCoaster Tycoon: Deluxe,207
409720,BioShock 2 Remastered,206
872200,Rogue Company,203
460790,Bayonetta,202
42710,Call of Duty: Black Ops - Multiplayer,201
238010,Deus Ex: Human Revolution - Director's Cut,201
701470,TTV2,201
1139900,Ghostrunner,201
42690,Call of Duty®: Modern Warfare® 3 (2011) - Multiplayer,193
459220,Halo Wars: Definitive Edition,192
6060,"Star Wars: Battlefront 2 (Classic, 2005)",191
257420,Serious Sam 4,190
41070,Serious Sam 3: BFE,189
990630,The Last Campfire,189
1158850,The Great Ace Attorney Chronicles,187
306020,Bloons TD5,185
1200580,One Gun Guy,185
261570,Ori and the Blind Forest,184
1238040,Dragon Age II: Ultimate Edition,184
1238060,Dead Space™ 3,183
1105510,Yakuza 5 Remastered,182
220700,RPG Maker VX Ace,181
206420,Saints Row IV,180
2096610,Crysis 3 Remastered,177
311770,LEGO® Pirates of the Caribbean The Video Game,175
50,Half-Life: Opposing Force,174
1658150,Moonstone Island,172
320,Half-Life 2: Deathmatch,169
8190,Just Cause 2,169
55150,"Warhammer 40,000: Space Marine - Anniversary Edition",168
6860,Hitman: Blood Money,167
978300,Saints Row The Third Remastered,165
285160,LEGO® The Hobbit™,163
683320,GRIS,163
927380,Yakuza Kiwami 2 (Legacy),160
742420,Saints Row,157
356500,STAR WARS™ Galactic Battlegrounds Saga,155
19900,Far Cry 2,153
1025440,Fantasy General II,152
2229880,Command & Conquer™ Tiberian Sun™ and Firestorm™,151
710920,Darksiders Genesis,150
48000,LIMBO,148
383180,Dead Island Riptide Definitive Edition,147
13520,Far Cry,144
204340,Serious Sam 2,143
640590,The LEGO® NINJAGO® Movie Video Game,143
1388590,Yakuza 6: The Song of Life,142
601360,Portal: Revolution,137
332310,LEGO® Worlds,135
265930,Goat Simulator,131
2291760,Papa's Freezeria Deluxe,130
1475810,Ghostwire: Tokyo,129
329430,State of Decay: Year-One,128
8000,Tomb Raider: Anniversary,127
728740,Sniper Elite V2 Remastered,121
738540,Tales of Vesperia: Definitive Edition,121
1583720,Entropy : Zero 2,120
1105500,Yakuza 4 Remastered,119
818320,LEGO® The Incredibles,117
2427420,S.T.A.L.K.E.R.: Clear Sky - Enhanced Edition,117
460960,The Deed: Dynasty,114
544610,Battlestar Galactica Deadlock,114
239160,Thief,110
20510,S.T.A.L.K.E.R.: Clear Sky,108
235600,Tom Clancy's Splinter Cell Blacklist,107
1088790,Rebel Inc: Escalation,107
10680,Aliens vs. Predator,106
21090,F.E.A.R.,106
1252330,DEATHLOOP,106
9480,Saints Row 2,104
564310,Serious Sam Fusion 2017 (beta),103
22300,Fallout 3,101
482400,System Shock,101
100,Counter-Strike: Condition Zero Deleted Scenes,99
2320,Quake II,98
267530,The LEGO® Movie - Videogame,98
1388770,Cruelty Squad,98
6020,STAR WARS™ Jedi Knight: Jedi Academy™,97
8980,Borderlands GOTY,97
204450,Call of Juarez Gunslinger,97
965200,Walking Zombie 2,97
1563180,Internet Cafe Simulator 2,97
2144740,Ghostrunner 2,97
34870,Sniper Ghost Warrior 2,96
899440,GOD EATER 3,96
394310,Punch Club,95
50130,Mafia II (Classic),94
537800,Bomber Crew,94
32330,LEGOⓇ Indiana Jones™: The Original Adventures,92
12150,Max Payne 2: The Fall of Max Payne,91
12140,Max Payne,90
50620,Darksiders,88
847370,Sunset Overdrive,88
2741560,SimCity™ 3000 Unlimited,88
2310,Quake,87
1238820,Battlefield 3™ ,87
2620,Call of Duty (2003),86
363440,Mega Man Legacy Collection,84
1472560,I Am Fish,84
4570,"Warhammer 40,000: Dawn of War - Anniversary Edition ",83
2543510,GUNTOUCHABLES,83
3310,Chuzzle Deluxe,82
3259470,Papa's Pizzeria Deluxe,82
7670,BioShock,80
496300,Kingdom: New Lands,79
208200,DOOM 3: BFG Edition,78
322500,SUPERHOT,76
1088710,Yakuza 3 Remastered,76
130,Half-Life: Blue Shift,75
410110,12 is Better Than 6,75
292140,FINAL FANTASY XIII-2,72
24880,The Saboteur™,71
32430,STAR WARS™: The Force Unleashed™ Ultimate Sith Edition,71
294860,Valkyria Chronicles™,71
2229840,"Command & Conquer: Red Alert™, Counterstrike™ and The Aftermath™",71
41000,Serious Sam HD: The First Encounter,69
571310,SteamWorld Dig 2,67
1238080,Burnout™ Paradise Remastered,67
1898290,LEGO® Bricktales,67
3830,Psychonauts,66
2395210,Tony Hawk's™ Pro Skater™ 1 + 2,66
6910,Deus Ex: Game of the Year Edition,65
1289310,Helltaker,65
3700,Sniper Elite,64
39190,Dungeon Siege,64
9200,RAGE,63
13500,Prince of Persia: Warrior Within,63
41010,Serious Sam HD: The Second Encounter,63
212910,Call of Duty: Black Ops II - Zombies,63
1359980,POSTAL: Brain Damaged,63
39200,Dungeon Siege 2,62
434050,Duke Nukem 3D: 20th Anniversary World Tour,62
1266700,Destroy All Humans! 2 - Reprobed,62
30,Day of Defeat,61
233270,Far Cry® 3 Blood Dragon,61
501300,What Remains of Edith Finch,60
441550,STAR WARS™ Rebellion,58
12130,Manhunt,57
2131640,METAL GEAR SOLID 2: Sons of Liberty - Master Collection Version,57
13560,Tom Clancy's Splinter Cell,56
16450,F.E.A.R. 2: Project Origin,56
252410,SteamWorld Dig,56
442070,Drawful 2,56
223100,Homefront: The Revolution,54
1180660,Tell Me Why,54
2067050,Squirrel with a Gun,54
13600,Prince of Persia: The Sands of Time,53
17410,Mirror's Edge,53
2796010,Party Club,53
460870,GOD EATER RESURRECTION,52
730820,The Curse of Monkey Island,52
1233570,Mirror's Edge™ Catalyst,52
15700,Oddworld: Abe's Oddysee,51
34830,Sniper: Ghost Warrior,50
241260,Sherlock Holmes: Crimes and Punishments,50
803330,Destroy All Humans!,50
6850,Hitman 2: Silent Assassin,49
33220,Tom Clancy's Splinter Cell: Conviction,48
495050,Mega Man Legacy Collection 2,48
915320,Pixel Strike 3D,48
2131630,METAL GEAR SOLID - Master Collection Version,48
6000,STAR WARS™ Republic Commando,47
208140,ENDLESS™ Space - Definitive Edition,46
561770,Just Ignore Them,46
729720,Zomborg,46
2131650,METAL GEAR SOLID 3: Snake Eater - Master Collection Version,46
45740,Dead Rising 2,43
3300,Bejeweled 2 Deluxe,42
32360,The Secret of Monkey Island: Special Edition,41
330830,Tales from the Borderlands,41
215930,Jagged Alliance 2 - Wildfire ,40
501590,Bulletstorm: Full Clip Edition,40
3929740,Tom Clancy's Splinter Cell: Pandora Tomorrow,40
232770,POSTAL,39
13570,Tom Clancy's Splinter Cell: Chaos Theory,38
38420,Fallout Tactics,38
350640,Sherlock Holmes: The Devil's Daughter,38
438490,GOD EATER 2 Rage Burst,38
1560250,Rising Front,38
2640,Call of Duty: United Offensive,37
690040,SUPERHOT: MIND CONTROL DELETE,37
212630,Tom Clancy's Ghost Recon Future Soldier,36
227780,Serious Sam Classics: Revolution,36
667720,Red Faction Guerrilla Re-Mars-tered,36
1480560,Lawn Mowing Simulator,36
360,Half-Life Deathmatch: Source,35
32460,Monkey Island 2: Special Edition,35
6030,STAR WARS™ Jedi Knight II: Jedi Outcast™,34
539470,Police Stories,34
1035510,Ultimate Zombie Defense,34
9310,"Warhammer 40,000: Dawn of War - Winter Assault",33
21100,F.E.A.R. 3,33
247430,Hitman: Contracts,32
1368870,Field of Glory II: Medieval,32
13530,Prince of Persia: The Two Thrones,31
15120,Tom Clancy's Rainbow Six: Vegas 2,31
19980,Prince of Persia,31
362930,Garfield Kart,31
420740,The Deed,31
1608450,Hellslave,31
9050,DOOM 3,30
1374840,Dark Deity,30
2200,Quake III Arena,29
427190,Dead Rising,29
623990,Tom Clancy's Rainbow Six Siege - Test Server,29
1148590,DOOM 64,29
1176710,Space Crew: Legendary Edition,29
47700,Command & Conquer™ 4 Tiberian Twilight,28
202990,Call of Duty: Black Ops II - Multiplayer,28
401680,POSTAL Redux,28
979070,Just Die Already,28
1136160,Internet Cafe Simulator,28
2229890,Command & Conquer™: Renegade,28
2210,Quake 4,27
322190,SteamWorld Heist,27
952070,RESIDENT EVIL RESISTANCE,27
2556990,Beyond Good and Evil - 20th Anniversary Edition,27
24960,Battlefield: Bad Company™ 2,26
677620,Splitgate,25
6900,Hitman: Codename 47,24
714070,Entropy : Zero,24
1815570,Aces and Adventures,24
8850,BioShock 2,23
248820,Risk of Rain (2013),22
758330,Shenmue I & II,22
21980,Call of Juarez: Bound in Blood,21
29900,Dark Sector,21
32500,STAR WARS™: The Force Unleashed™ II,21
41060,Serious Sam Classic: The Second Encounter,21
1018010,Castlevania Anniversary Collection,21
1038300,New Super Lucky's Tale,21
17330,Crysis Warhead,20
795420,The Darkside Detective: A Fumble in the Dark,20
804010,SteamWorld Quest: Hand of Gilgamech,20
1712840,Tiny Tina's Assault on Dragon Keep: A Wonderlands One-shot Adventure,20
2229830,Command & Conquer™ and The Covert Operations™,20
33520,Tropico,19
205650,The Testament of Sherlock Holmes,19
205930,Hitman: Sniper Challenge,19
247020,"Cook, Serve, Delicious!",19
301910,Saints Row: Gat out of Hell,19
881320,The LEGO® Movie 2 - Videogame,19
55100,Homefront,18
1660840,Wild Bastards,18
21110,F.E.A.R.: Extraction Point,17
211600,Thief Gold,17
1058200,Pixel Puzzles Traditional Jigsaw Puzzles,17
2270,Wolfenstein 3D,16
20500,Red Faction: Guerrilla Steam Edition,16
211740,Thief™ II: The Metal Age,16
534370,Pure Farming 2018,16
1214650,SOUTH PARK: SNOW DAY!,16
39690,ArcaniA,15
41050,Serious Sam Classic: The First Encounter,15
581660,Super Meat Boy Forever,15
3020,Call of Juarez,14
65790,Arma: Cold War Assault,14
1238880,Battlefield™ Hardline,14
21780,Driver: Parallel Lines,13
42670,Singularity,13
1587540,Anvil Saga,13
2131680,METAL GEAR & METAL GEAR 2: Solid Snake,13
6880,Just Cause,12
15300,Tom Clancy's Ghost Recon,12
22350,BRINK,12
1117090,Purple Place - Classic Games,12
21120,F.E.A.R.: Perseus Mandate,11
23490,Tropico 3 - Steam Special Edition,11
63380,Sniper Elite V2,11
65600,Gothic 3 Forsaken Gods Enhanced Edition,11
6510,Lost Planet: Extreme Condition,10
39160,Dungeon Siege III,10
245300,Disney Epic Mickey 2,10
1245430,Golden Light,10
1990740,Barro GT,10
224900,Iron Sky Invasion,9
950670,Gothic Playable Teaser,9
1272840,Dordogne,9
6980,Thief: Deadly Shadows,8
11040,Sherlock Holmes: Nemesis,8
13540,Tom Clancy's Rainbow Six: Vegas,8
370910,Kathy Rain,8
2202120,63 Days,8
2243110,EMPTY SHELL,8
13580,Tom Clancy's Splinter Cell: Double Agent,7
15750,Oddworld: Stranger's Wrath HD,7
20530,Red Faction,7
31170,Tales of Monkey Island: Chapter 1 - Launch of the Screaming Narwhal,7
32380,STAR WARS™ Jedi Knight: Dark Forces II,7
32400,STAR WARS™: Dark Forces,7
253920,Gorky 17,7
319170,G-Force,7
327740,TRON 2.0,7
928840,Cybarian: The Time Travelling Warrior,7
1356040,Ampersat,7
11150,Sherlock Holmes: The Secret of the Silver Earring,6
55110,Red Faction: Armageddon,6
57600,Tropico 3: Absolute Power,6
355250,STAR WARS™: TIE Fighter Special Edition,6
384310,Dead In Bermuda,6
455910,STAR WARS™: Rogue Squadron 3D,6
740240,Snake Eyes Dungeon,6
753660,AtmaSphere,6
847360,Super Lucky's Tale,6
1005240,Pixel Puzzles Illustrations & Anime Jigsaw Puzzles,6
1170760,XIII - Classic,6
1634150,Behind the Frame: The Finest Scenery,6
11190,Sherlock Holmes versus Jack the Ripper,5
31210,Tales of Monkey Island: Chapter 5 - Rise of the Pirate God,5
32390,STAR WARS™ Jedi Knight: Mysteries of the Sith™,5
253880,Earth 2150 Trilogy,5
253940,Septerra Core,5
316260,Disney Universe,5
525040,The Disney Afternoon Collection,5
599750,Crisis in the Kremlin,5
600130,Valfaris,5
1141550,CUCKOLD SIMULATOR: Life as a Beta Male Cuck,5
1703140,Isle of Jura,5
2279510,SEXTS,5
2383990,Ghostbusters: Spirits Unleashed Ecto Edition,5
6920,Deus Ex: Invisible War,4
33530,Tropico 2: Pirate Cove,4
258180,Deus Ex: The Fall,4
1080750,Mutazione,4
1498740,Troublemaker,4
60,Ricochet,3
2350,Quake III: Team Arena,3
3350,Bejeweled Deluxe,3
9070,DOOM 3: Resurrection of Evil,3
20550,Red Faction II,3
284950,Pixel Puzzles: Japan,3
302190,Amerzone: The Explorer’s Legacy (1999),3
304530,Agents of Mayhem,3
315440,TRON: Evolution,3
321270,UNLOVED,3
418670,Pankapu,3
657730,Wolflord - Werewolf Online,3
740410,Puzzle Chambers,3
813820,Realm Royale Reforged,3
924140,Hand Simulator: Survival,3
1146310,Beyond a Steel Sky,3
1293730,Broken Pieces,3
1454970,New Tales from the Borderlands,3
8400,Geometry Wars: Retro Evolved,2
13620,Tom Clancy's Ghost Recon: Desert Siege,2
31180,Tales of Monkey Island: Chapter 2 - The Siege of Spinner Cay ,2
31190,Tales of Monkey Island: Chapter 3 - Lair of the Leviathan ,2
31200,Tales of Monkey Island: Chapter 4 - The Trial and Execution of Guybrush Threepwood ,2
32350,STAR WARS™ Starfighter™,2
32420,STAR WARS™: The Clone Wars - Republic Heroes™,2
98400,Hard Reset,2
254060,KnightShift,2
259280,Earth 2150: The Moon Project,2
259300,Earth 2150: Lost Souls,2
265590,The Red Solstice,2
301980,Disney Pirates of the Caribbean: At Worlds End,2
316030,Alice in Wonderland,2
361670,STAR WARS™: X-Wing Alliance™,2
456540,STAR WARS™: Rebel Assault I + II,2
524440,Tom Clancy's The Division PTS,2
610570,Paradox Soul,2
624690,NEXT JUMP: Shmup Tactics,2
729460,Distant Space 2,2
831120,Space Pilgrim Academy: Year 2,2
11140,Sherlock Holmes: The Awakened (2008),1
11180,Sherlock Holmes: The Mystery of The Persian Carpet,1
13630,Tom Clancy's Ghost Recon: Island Thunder,1
253960,Jack Orlando Director's Cut,1
337360,Dead Island Retro Revenge,1
354430,STAR WARS™: X-Wing Special Edition,1
439250,Space Pilgrim Episode III: Delta Pavonis,1
444220,Asteroid Bounty Hunter,1
446640,Space Pilgrim Episode IV: Sol,1
481870,Mini Thief,1
587970,Dead Drop,1
635850,Sentience: The Android's Tale,1
659190,"Sorry, James",1
813540,Scheming Through The Zombie Apocalypse: The Beginning,1
860020,Exfil,1
936650,Space Pilgrim Academy: Year 3,1
1074520,A Sceptic's Guide to Magic,1
1853200,TYRONE vs COPS,1
2955840,Kitchen Wars,1
3463050,Dreams of Aether,1
17340,Crysis Wars,0
65610,ArcaniA: Fall of Setarrif,0
254100,World War II: Panzer Claws,0
285010,Pixel Puzzles: UndeadZ,0
328500,Potatoman Seeks the Troof,0
349500,Cubicle Quest,0
350810,Pixel Puzzles 2: Anime,0
361690,STAR WARS™ X-Wing vs TIE Fighter: Balance of Power Campaigns™,0
416790,The Metronomicon: Slay The Dance Floor,0
431710,Space Pilgrim Episode II: Epsilon Indi,0
474050,Candy Blast,0
527710,Crown Champion: Legends of the Arena,0
679740,Totally Mayhem,0
694370,Space Pilgrim Academy: Year 1,0
740210,"Sorry, James Demo",0
818890,Box Maze Extreme,0
831770,Zombie Derby,0
921060,Modern Combat 5,0
990260,Collapse: A Political Simulator,0
1015920,Ynglet,0
1020590,Space Pilgrim Academy: Reunion,0
1155660,The Deed II,0
1262720,Ruin Raiders,0
1390670,Escape from Naraka,0
1422410,Into the Pit,0
2337860,Nubs!,0
2562900,Eden Genesis,0
